,poi_name,names,pid
0,12 Service Battalion Museum,12 Service Battalion Museum,ChIJhwQHwzh1hlQRJdE3ZdQPI9I
1,15th Field Artillery Regiment Museum And Archives,15th Field Artillery Regiment Museum And Archives,ChIJpdEUnLBzhlQR0ome6cv5el8
2,221A Artist Run Centre,can not find,0
3,7302754 Canada Inc,can not find,0
4,Abc Heritage Preschool And Child Care,Abc Heritage Preschool And Child Care,ChIJF3ZMao7RhVQRYMRn09PBo34
5,Adamsons Heritage Nursery Ltd,Adamsons Heritage Nursery Ltd,ChIJQfsQ7fOLfVMRcUmdvbgiS-Y
6,Agassiz Library,Agassiz Library,ChIJNaGyI2sThFQRQ33H2ji42y4
7,Ahva Gallery,Ahva Gallery,ChIJaUbtlrVyhlQREWwxkqr-Y9A
8,Aldergrove Festival Days Society,Aldergrove Festival Days Society,ChIJ_2qFN77LhVQRnDAtPFnP5GI
9,Aldergrove Library,Aldergrove Library,ChIJnUQ_GcLLhVQR45Ya8rbkqjs
10,Alliance For Arts And Culture,Alliance For Arts And Culture,ChIJ5WClfNVzhlQR18C_tp4-Ny0
11,Amelia Douglas Gallery,Amelia Douglas Gallery,ChIJyU3u9XHYhVQRPy86XwYQp_M
12,Angie Au Hemphill Studio,can not find,0
13,Anvil Centre/Museum And Archives,Anvil Centre/Museum And Archives,ChIJVWdV0gzYhVQRObpum5rNjd0
14,Anza Club (Australia-New Zealand Association),Anza Club (Australia-New Zealand Association),ChIJfbmDXuBzhlQRBgWCKERYmME
15,Architectural Institute of BC Gallery,Architectural Institute of BC Gallery,ChIJkUVKKXhxhlQRLvKX6Ir1X8w
16,Archives of Anglican Provincial Synod of British Columbia And Diocese of New Westminster,Archives of Anglican Provincial Synod of British Columbia And Diocese of New Westminster,ChIJJW_2ZI50j1QR2bAlyZ-B9-Q
17,Art Beatus,Art Beatus,ChIJI6T7EtVzhlQRkZ-X3oqE714
18,Art Club/Bard On Beach Production Centre Theatre,Art Club/Bard On Beach Production Centre Theatre,ChIJZ94eAGJxhlQRk8117dtiqow
19,Art Emporium,Art Emporium,ChIJq1etJL9zhlQRyQVGHdYMuGg
20,Art Works Gallery,Art Works Gallery,ChIJX2rajmXtfVMR4izo8BW6l7U
21,Arteclectica Gallery,Arteclectica Gallery,ChIJywNQ7UJxhlQR_nV7WeI51TY
22,Artist In Residence,Artist In Residence,ChIJM-Vqau_YfVMRiUzcKvU6fO4
23,Artists In the Boro,Artists In the Boro,ChIJ-8jff44KlVQRc90g8HTsV_A
24,Arts & Cultural Centre,Arts & Cultural Centre,ChIJxfYIp1jzfVMROE9rb_Ceasg
25,Arts Club Theatre - Granville Island Stage,Arts Club Theatre - Granville Island Stage,ChIJj6Jmb85zhlQRbdUEOydci3o
26,Arts Club Theatre - Revue Stage,Arts Club Theatre - Revue Stage,ChIJj6Jmb85zhlQRbdUEOydci3o
27,Arts Club Theatre - Stanley Industrial Alliance Stage,Arts Club Theatre - Stanley Industrial Alliance Stage,ChIJOUzupLhzhlQRIOQ9G20eido
28,Artspeak Gallery,Artspeak Gallery,ChIJ16ZETXdxhlQRT7OGxnNnn1Y
29,Artstarts In Schools,Artstarts In Schools,ChIJjW7NaX5xhlQRHwpvPmkoDf8
30,Astorino's Hall,Astorino's Hall,ChIJ2bl0Hz5xhlQRlDKnsxOcHNs
31,Audain Gallery,Audain Gallery,ChIJzcNq7rI8h1QR43bcyDi5xrc
32,Ayden Gallery,Ayden Gallery,ChIJ6SNusXtxhlQRK8N9J0jL0Kw
33,Back Gallery Project,Back Gallery Project,ChIJefqr9m1xhlQRZTckcy8tQWY
34,Baf Studio,Baf Studio,ChIJoTaT0ajZB0ERYazB_j279ik
35,Basic Inquiry,Basic Inquiry,ChIJlzjIE2VxhlQRqrbFvxb0mXw
36,Bau-Xi Gallery,Bau-Xi Gallery,ChIJ9fwx4r5zhlQR3yJ5jk5pT5Y
37,BC Farm Machinery & Agricultural Museum Association,BC Farm Machinery & Agricultural Museum Association,ChIJBT3fCvbShVQRbwojVzpHyl8
38,BC Golf House Society,BC Golf House Society,ChIJvVzcmehyhlQRf5N4JB1DnUE
39,BC Regiment (Duke of Connaught's Own) Museum,BC Regiment (Duke of Connaught's Own) Museum,ChIJzzDVintxhlQR4vqB2PIfxAE
40,BC Sports Hall of Fame Museum,BC Sports Hall of Fame Museum,ChIJn0O2T3xxhlQRXXnanXyhFdk
41,Bearga Gallery,Bearga Gallery,ChIJpTf3SqTThVQRTHW_KFewEgA
42,Beaty Biodiversity Museum,Beaty Biodiversity Museum,ChIJsZ1NB8pyhlQRw4-fikYyFFU
43,Bel Art Gallery,Bel Art Gallery,ChIJ1Y3UFVl7hlQR1c74ffFJ1FM
44,Bella Coola Branch,Bella Coola Branch,ChIJOan-hJB5elQRvDdNBAnASKo
45,Big Lake,Big Lake,ChIJNbawY3YnoFMRb2lcOEqiDE4
46,Bill Reid Centre For Northwest Coast Studies At Simon Fraser University,Bill Reid Centre For Northwest Coast Studies At Simon Fraser University,ChIJJyJ6hcB5hlQRW7Uwbj9sUAA
47,Bill Reid Gallery,Bill Reid Gallery,ChIJ09HC74FxhlQRHyXyCAa8AJQ
48,Birthplace of BC Gallery,Birthplace of BC Gallery,ChIJKwuuKFnShVQR9c5T3OvERRE
49,Bloedel Conservatory,Bloedel Conservatory,ChIJnwmhxIpzhlQRr3heOBl69fg
50,Bob Prittie Metrotown Library,Bob Prittie Metrotown Library,ChIJu0r6z-x2hlQR8MFjWyu90J8
51,Bowser Branch,Bowser Branch,ChIJ0zPiM0dhiFQR1hVyKdb_Xvo
52,Brenda Lee Fairfax,can not find,0
53,Britannia,Britannia,ChIJpftXJxvffVMRbIoOK0-GJrc
54,Britannia Shipyards National Historic Site,Britannia Shipyards National Historic Site,ChIJiyw6atDhhVQRM01c7wOOBQY
55,British Columbia History of Nursing Society,British Columbia History of Nursing Society,ChIJ_UC0XMpxhlQRjquJR378Oxs
56,Brookswood Library,Brookswood Library,ChIJ0ScsWprPhVQRqAM-8i_pd-g
57,Bully's Studios Inc,Bully's Studios Inc,ChIJi-qTaXLYhVQR20wsramdr9k
58,Burnaby Art Gallery,Burnaby Art Gallery,ChIJF4VB4Ad3hlQRPqMcPvho50A
59,Burnaby Village Museum,Burnaby Village Museum,ChIJA288NqZ3hlQRdrlOknfGAMk
60,Burns Lake Public Library,Burns Lake Public Library,ChIJ51IO_ZgPdlQRaXtmrUMEzd0
61,Cameron,Cameron,ChIJ9ZqP6QKLfVMRqWY06d94l3E
62,Cameron Library,Cameron Library,ChIJvzLVnn3tfVMRqh1Wz9uzJK4
63,Campbell River Branch,Campbell River Branch,ChIJjVYeBbyoYlQRDvG5ZSvMq6k
64,Canadian Lacrosse Hall of Fame & Museum,Canadian Lacrosse Hall of Fame & Museum,ChIJXVkBWfyBC0EREYC1W74KCko
65,Canadian Museum Flight Association,Canadian Museum Flight Association,ChIJlzyfJ0bOhVQRHLgf-fCQIGw
66,Canadian Museum of Flight Association,Canadian Museum of Flight Association,ChIJlzyfJ0bOhVQRHLgf-fCQIGw
67,Canadian Music Centre (BC Region),Canadian Music Centre (BC Region),ChIJjaOMidRzhlQRnK4h2w8Alqc
68,Canadian Society of Asian Arts,Canadian Society of Asian Arts,ChIJ_UE1KHd0hlQRYQfX7uiYkuI
69,Candice James,Candice James,ChIJEfCRon3tfVMRpPGNBbl5qHw
70,Capilano College Performing Arts Theatre,Capilano College Performing Arts Theatre,ChIJl69lZ219C0ERajxofG1-6vc
71,Capilano University Archives,Capilano University Archives,ChIJU1APZn5whlQRJVnpclbjnNA
72,Carnegie Centre Theatre,Carnegie Centre Theatre,ChIJefCGwHBxhlQRGkC-RJTPtUo
73,Catriona Jeffries Gallery,Catriona Jeffries Gallery,ChIJhUS8sGBxhlQRbBJxBu7_Dbs
74,Cbc Studio 700,can not find,0
75,Centennial Theatre,Centennial Theatre,ChIJmUtgCD1whlQRmo9aipB5yKU
76,Central Branch,Central Branch,ChIJ6d-gkKf0fVMR9RSlz7s7g1o
77,Central Saanich Branch,Central Saanich Branch,ChIJSTSeUqVuj1QRzlgyEnDiToI
78,Centre A - Centre For Contemporary Asian Art,Centre A - Centre For Contemporary Asian Art,ChIJ36zlvedzhlQRnOYpQMJH0-Q
79,Chali-Rosso Gallery,Chali-Rosso Gallery,ChIJyVcY08dzhlQRLqFmehyfQ5k
80,Champlain Heights,Champlain Heights,ChIJFX49J9Z1hlQRHJYa_VcMfvI
81,Chan Centre For the Performing Art - Concert Hall,Chan Centre For the Performing Art - Concert Hall,ChIJiV8337ByhlQRDOnSXQyGjYk
82,Chapel Arts,Chapel Arts,ChIJGYPjjXFxhlQRj9M9svy1ySU
83,Charles H. Scott Gallery,Charles H. Scott Gallery,ChIJaUgDss9zhlQRfgG43UIlj74
84,Chinese Canadian Military Museum,Chinese Canadian Military Museum,ChIJA-15uaf0fVMRex7GplcJw_I
85,Chinese Cultural Centre Museum And Archives,Chinese Cultural Centre Museum And Archives,ChIJX8hzfXpxhlQRXw-cLYmgyBM
86,Cineplex Odeon International Village Cinemas,Cineplex Odeon International Village Cinemas,ChIJ6SNusXtxhlQRLmdNxRgcgxA
87,Circle Craft Co-Operative Shop & Gallery,Circle Craft Co-Operative Shop & Gallery,ChIJ_zVCDYNxhlQR4cvQdGTfcG0
88,City of Richmond Archives,City of Richmond Archives,ChIJt-nv48kKhlQRgXgtGA-kHYY
89,City of Vancouver Archives,City of Vancouver Archives,ChIJb5FE0cxzhlQRhNcsezlkRiA
90,Cityscape Community Art Space,Cityscape Community Art Space,ChIJA0D6AkxwhlQRGfQKJp9Kmzo
91,Coastal Peoples Fine Arts Gallery Gastown,Coastal Peoples Fine Arts Gallery Gastown,ChIJB33QRtZzhlQRraPO8GCrqWw
92,Coastal Peoples Fine Arts Gallery Yaletown,Coastal Peoples Fine Arts Gallery Yaletown,ChIJB33QRtZzhlQRraPO8GCrqWw
93,Colbourne House/ Marpole Museum,Colbourne House/ Marpole Museum,ChIJZTIn6-p0hlQRp8C26vJN2nU
94,Collingwood,Collingwood,ChIJ5TpY6tt7KogRIKeLM-hhvtk
95,Coquitlam Heritage Society Operating Mackin House,Coquitlam Heritage Society Operating Mackin House,ChIJl2CNVXJ4hlQRE3nLB9oxCHY
96,Coquitlam Public Library,Coquitlam Public Library,ChIJGcziDIp4hlQRaNwWl3wP8-s
97,Cowichan Branch,Cowichan Branch,ChIJ__-_ZGdPj1QRj1bcCpEtbb8
98,Craft Council of British Columbia Gallery,Craft Council of British Columbia Gallery,ChIJPQ6zHM9zhlQRJi__mFYu6nA
99,Cumberland Branch,Cumberland Branch,ChIJ507BpUkViFQRZP16I6i27SU
100,Cynthia Jennifer Smith,Cynthia Jennifer Smith,ChIJWVjfnjsewVQRApO9RFv6Tr0
101,David M. Adams,David M. Adams,ChIJq2miiyyNfVMRwIRAHvm5lgQ
102,David Mcfarland,David Mcfarland,ChIJk_BB3KpukFQRFzBvXD0DzMg
103,Dee Spencer Native Art,Dee Spencer Native Art,ChIJtwIUx8dzhlQRmN-hjQzn3Xg
104,Deep Cove Heritage Society,Deep Cove Heritage Society,ChIJt2EnC1J6hlQRyN6Ao6Wo2xI
105,Deep Cove Shaw Theatre,Deep Cove Shaw Theatre,ChIJhcEpdVJ6hlQR2lMO19cVNS8
106,Delphi Custom Theatres Inc,Delphi Custom Theatres Inc,ChIJyTGYeNXRhVQRNb07Q-FnTkk
107,Delta Museum And Archives Society,Delta Museum And Archives Society,ChIJ19wKwunghVQRHJTzfCZ8s_4
108,Djavad Mowafaghian Cinema,Djavad Mowafaghian Cinema,ChIJdxvOhUhwhlQRBhf74FZiTSQ
109,Doctor Vigari Gallery,Doctor Vigari Gallery,ChIJfcNAp0dxhlQRV0LrL8RjRUc
110,Dogma Portraits,Dogma Portraits,ChIJUecmOIrf3IARgwfO7s5xBtI
111,Dorothy Somerset Studio Theatre,Dorothy Somerset Studio Theatre,ChIJr_GGv7VyhlQRs4Ff7PhxsHA
112,Douglas Reynolds Gallery,Douglas Reynolds Gallery,ChIJtwIUx8dzhlQRmN-hjQzn3Xg
113,Douglas Udell Gallery,Douglas Udell Gallery,ChIJy5BkeshzhlQRyWgX0BFE8jE
114,Dr. Sun Yat-Sen Classical Chinese Garden,Dr. Sun Yat-Sen Classical Chinese Garden,ChIJ8ToMkXpxhlQRYqJG8pg7rQI
115,Dunbar,Dunbar,ChIJIcImAKn0fVMRAEVn4-bj3Q0
116,Dundarave Print Workshop & Gallery,Dundarave Print Workshop & Gallery,ChIJbwuKZc5zhlQRYLbPe2ErWi4
117,Dynamo Arts Association,Dynamo Arts Association,ChIJz1JVS4Z-C0ERI1BkLAMxfgM
118,Eagle Spirit Gallery,Eagle Spirit Gallery,ChIJDRs7885zhlQRnvQXHXNF-aA
119,Eileen Kernaghan,can not find,0
120,Elissa Cristall Galleries,can not find,0
121,Elizabeth Elwood,Elizabeth Elwood,ChIJl5AclRfZfVMRvZj8FN3loHY
122,Emily Carr Institute of Art + Design 1612 Gallery,Emily Carr Institute of Art + Design 1612 Gallery,ChIJH6WXuV1xhlQR0PSIpGhUQ0o
123,Equinox Gallery,Equinox Gallery,ChIJORQNxsdzhlQRkjsytcr0cXE
124,Esquimalt Branch,Esquimalt Branch,ChIJm5SkLVBzj1QRk0CGz-2emhI
125,Euro Artistic Metals Ltd,Euro Artistic Metals Ltd,ChIJfUmd1iXShVQR7h7m8g-08Rk
126,Evergreen Cultural Centre Society,Evergreen Cultural Centre Society,ChIJlQY3OzB_hlQR6gdzsnFqLBE
127,Famous Players Limited Partnership (Theatre),Famous Players Limited Partnership (Theatre),ChIJ7xetL8iMfVMREN1HB2GbjRs
128,Fanclub,Fanclub,ChIJs2OIbXpxhlQRyUuPWmarndg
129,Fang-Chih Liao,can not find,0
130,Federation Gallery,Federation Gallery,ChIJN05VLndzhlQRFl5m84NzW0Y
131,Fei & Milton Wong Experimental Theatre,Fei & Milton Wong Experimental Theatre,ChIJwV6Ui3lxhlQRhgPt5mpbTdM
132,Ferry Building Gallery,Ferry Building Gallery,ChIJVcGhLxpuhlQRoiuGJ1DIu44
133,Field Contemporary,Field Contemporary,ChIJZ3UV-uBzhlQRPmPr47mY-qw
134,Film2Frame Studio Gallery,Film2Frame Studio Gallery,ChIJXxAlvYPZhVQRCrE3LaoDNgw
135,Firehall Arts Centre,Firehall Arts Centre,ChIJaxqNCXFxhlQRwFj7lwMLrUw
136,Firehall Branch,Firehall Branch,ChIJh_Vsb8dzhlQRo3zWwxVDwbI
137,Fort Langley National Historic Site of Canada,Fort Langley National Historic Site of Canada,ChIJF-k71PXShVQR95AdMtgF0OU
138,Fort Nelson Public Library,Fort Nelson Public Library,ChIJbVyG4JKt7lMROU9UVXp1zns
139,Fort St. James Centennial Library,Fort St. James Centennial Library,ChIJL-Q-46ehiVMRebd8o41jMJU
140,Fort St. John Public Library Association,Fort St. John Public Library Association,ChIJXyitgI82klMRGlwuUhyOa6s
141,Fortune Sound Club,Fortune Sound Club,ChIJzRKRZXBxhlQRnjhd0FkQyqk
142,"Franci Louann, Poet, Mentor, Proofreader",can not find,0
143,Fraser River Discovery Centre,Fraser River Discovery Centre,ChIJDwDMWG7YhVQRDOdiVlW9kuk
144,Fraserview,Fraserview,ChIJqW57tcF1hlQRCFnyi2kJn_U
145,Frederic Wood Theatre,Frederic Wood Theatre,ChIJ4RTE_bNyhlQRUehTTwHx3lA
146,Freeflow Scenics Studio,Freeflow Scenics Studio,ChIJI6oCgRivYlQRXegKguqttog
147,Gabor Gasztonyi Studio & Gallery,Gabor Gasztonyi Studio & Gallery,ChIJ48zyBtd3hlQRbWDAHjW6LGA
148,Galiano Island Community Library,Galiano Island Community Library,ChIJr2ExZ6X3hVQR1nPQCgaLUjY
149,Gallery 295,Gallery 295,ChIJcSdxn2BxhlQRS7VtLJ8H2rE
150,Gallery Gachet,Gallery Gachet,ChIJQ8xfv3BxhlQRO0J7RqkHBZ0
151,Gallery Jones,Gallery Jones,ChIJR2S_phBuhlQRM9-rkVuzQcA
152,Gallery Jones,Gallery Jones,ChIJR2S_phBuhlQRM9-rkVuzQcA
153,Gallery of BC Ceramics,Gallery of BC Ceramics,ChIJMS4BBM9zhlQRJ-OzcFtoZ5A
154,Gallery-The Spa Ltd,Gallery-The Spa Ltd,ChIJY2LSRN93hlQRLjk-Fbz02nQ
155,Gam Gallery,Gam Gallery,ChIJwzlQjnBxhlQR3ZgakIaQo1M
156,Gillian Wright,Gillian Wright,ChIJEfCRon3tfVMRpPGNBbl5qHw
157,Gms Observatory,Gms Observatory,ChIJSYNqWTNyhlQR7CmhWOWNXA4
158,Golden Branch,Golden Branch,ChIJUX8VGJq_eVMRyBLTgSFKd3k
159,Gordon Smith Gallery of Canadian Art,Gordon Smith Gallery of Canadian Art,ChIJV-ynPTxwhlQROsYq03Gr-yw
160,Granisle Public Library,Granisle Public Library,ChIJ_aJb3695ilMRd25PBqhMFtk
161,Granville Fine Arts,Granville Fine Arts,ChIJPYxOsoVzhlQRnkQ_J9VR3lM
162,Granville Island Gallery,Granville Island Gallery,ChIJN1YA885zhlQRTZ_euOE8v9w
163,Greater Vancouver Regional District Parks Department,Greater Vancouver Regional District Parks Department,ChIJYz1i8F2LfVMR2gLPDG0qkGg
164,Grunt Gallery,Grunt Gallery,ChIJfdHGal5xhlQRyxsO2eYBmlc
165,Guildford,Guildford,ChIJmwp0OTHZfVMRhO1SgozmPoQ
166,Gulf of Georgia Cannery National Historic Site,Gulf of Georgia Cannery National Historic Site,ChIJZTvdPXYKhlQRCqHE9q0UWUA
167,Guy Allen,Guy Allen,ChIJWyqcILbCEYgRNDphf9WyFKw
168,H.R. Macmillan Space Centre,H.R. Macmillan Space Centre,ChIJX-DfNzNyhlQR76LZl5hs5bc
169,Haney House Museum,Haney House Museum,ChIJqcPV-WbThVQRYXFXFAkU7Hw
170,Harrison Galleries,Harrison Galleries,ChIJD6k9B35xhlQRptWzT3rMpN8
171,Hastings,Hastings,ChIJcym6LrdG00wRjPOR0joKjhg
172,Hastings Mill Store Museum,Hastings Mill Store Museum,ChIJaZKdbldyhlQRZkfvBTEVjpU
173,Hatch Art Gallery,Hatch Art Gallery,ChIJ68YmydVzhlQReJ_7HXAqYtY
174,Havana Gallery,Havana Gallery,ChIJW_TA7R3TD4gRc-WJnJfGezo
175,Havana Theatre,Havana Theatre,ChIJz-KODz9xhlQRtVWCFPnJBpY
176,Heffel Gallery Ltd,Heffel Gallery Ltd,ChIJJUncl-VvcVMRUBp4ncld7uE
177,Heidi Zolty,can not find,0
178,Hendry Hall Theatre,can not find,0
179,Heritage Chiropractic & Laser Therapy,Heritage Chiropractic & Laser Therapy,ChIJuSz6is9AhFQR9X9fLTmEMK4
180,Heritage Christian School,Heritage Christian School,ChIJJ0T1dS-NfVMRIK_DDvUV3vE
181,Heritage Circle Installations Ltd,Heritage Circle Installations Ltd,ChIJjbVI6ZKJblMRWzGmIeqMpqo
182,Heritage Creek Design,Heritage Creek Design,ChIJBZ1vPACPn1MR0BDJqzbOE6U
183,Heritage Drywall Ltd,Heritage Drywall Ltd,ChIJXYHTAkbRhVQRMhrSka58jy4
184,Heritage Electric Ltd,Heritage Electric Ltd,ChIJa8tWF3PUhVQRh7xTMNjXhGM
185,Heritage House Rescue & Restoration,Heritage House Rescue & Restoration,ChIJqeIljM0mTIYRgNCmu5kVCJM
186,Heritage Life Drawing Society,Heritage Life Drawing Society,ChIJT1B9B2VxhlQRZ7rjot6ql6Q
187,Heritage Meats Ltd,Heritage Meats Ltd,ChIJiTIe2S3QhVQRXLP-SkMz0Sk
188,Heritage Mountain Community Centre,Heritage Mountain Community Centre,ChIJwcqorMx-hlQRuk1nZVfEQVs
189,Heritage Restoration Inc,Heritage Restoration Inc,ChIJXXMG4hoBkVQRHK22je3revQ
190,Heritage Steel Sales Ltd,Heritage Steel Sales Ltd,ChIJVQU7ql_RhVQRm93iNKIQTvE
191,Highland Dance With Miss Kathleen,Highland Dance With Miss Kathleen,ChIJ_8L4uolzj1QRsdYqeHYp1cg
192,Hill's Native Art,Hill's Native Art,ChIJgUeKGsJFj1QR_0vwJDqp7U4
193,Historic Stewart Farm,Historic Stewart Farm,ChIJmURORKjchVQRxhGwzQzdkfo
194,Historical Museum,Historical Museum,ChIJOaJuMqb0fVMR5msW3yRcs2A
195,Hornby Island Branch,Hornby Island Branch,ChIJDxn7nm5liFQRI1tpdimM-pU
196,Hot Art Wet City,Hot Art Wet City,ChIJD9iPk19xhlQRvtpfI-EdMrw
197,Hudson's Hope Public Library,Hudson's Hope Public Library,ChIJRwdJ3N6KjVMRC1HQr-xaCWA
198,Ian Tan Gallery,Ian Tan Gallery,ChIJnQwCK8ZzhlQR5i2qTdpKDRU
199,Ice Box Gallery,Ice Box Gallery,ChIJ08rDWXFxhlQRIjddEzSWw-o
200,Il Museo,Il Museo,ChIJr95Zbsp2hlQRgCV_lfL0Hk0
201,Improv Centre,Improv Centre,ChIJ1-Gui85zhlQRM2tVpv6iMAs
202,Institute For Stained Glass In Canada,Institute For Stained Glass In Canada,ChIJoVMQS7g3K4gR0hnGrUadQTk
203,Interurban Gallery,Interurban Gallery,ChIJs4tSC3pxhlQR7bVH_vbMDok
204,Inuit Gallery of Vancouver,Inuit Gallery of Vancouver,ChIJW9JVzHlxhlQRg6J1F0sdmi4
205,Italian Cultural Centre Society,Italian Cultural Centre Society,ChIJr95Zbsp2hlQRgCV_lfL0Hk0
206,James Black Gallery,James Black Gallery,ChIJy3nr9F9xhlQRbdqCqDEVj9A
207,James Tan Gallery,James Tan Gallery,ChIJQWJXgHBxhlQRFdT693d-Qig
208,Janet Kvammen,can not find,0
209,Jennifer Kostuik Gallery,Jennifer Kostuik Gallery,ChIJxcyXZdZzhlQRIVHgfNIWXIA
210,Jericho Arts Centre,Jericho Arts Centre,ChIJo07lSfFyhlQRVnQVLKkME6Y
211,Jerry Mclaughlin,Jerry Mclaughlin,ChIJHZXMe9lPAYcR6_UT_OC1SfE
212,Jewish Historical Society of Bc,Jewish Historical Society of Bc,ChIJta5c93h0hlQRkn_YaPX2VOw
213,Jienelyn Dimatatac,can not find,0
214,Joann Heringer,can not find,0
215,Joe Fortes,Joe Fortes,ChIJiUwIWIBxhlQRzKG3k_9C-T8
216,Jonina Lynn Kirton,can not find,0
217,Juan De Fuca Branch,Juan De Fuca Branch,ChIJ0RG78oN0j1QRKhkG5TiLcPM
218,Judith Berlin,Judith Berlin,ChIJr1F8oIFQqEcRID0cFwLJKJo
219,Judith Copland,Judith Copland,ChIJx_b-igR4hlQRokvxIrR-084
220,Kate Colbourn,can not find,0
221,Kensington,Kensington,ChIJpZRhkeWJglQRh8CE0RmS9lM
222,Keremeos Branch,Keremeos Branch,ChIJ5c6LFwflglQRzToIZNAbq1M
223,Kerrisdale,Kerrisdale,ChIJU26xVGVzhlQRnWelOsO5RnE
224,Khot-La-Cha Art Gallery,Khot-La-Cha Art Gallery,ChIJM1OZs9txhlQRVhI25fM3l_A
225,Kimberley Public Library,Kimberley Public Library,ChIJERMk7PDUZFMRFwmTZbdg16s
226,Kits Point Military History Museum,Kits Point Military History Museum,ChIJiVHFdzNyhlQRjW3eJ2KKZM0
227,Kitsilano,Kitsilano,ChIJaakf77JzhlQRKLsSHv5SUBc
228,Kizmit Gift Gallery Inc,Kizmit Gift Gallery Inc,ChIJfW6FLfbShVQRSra14rGz3jY
229,Krachel Art,Krachel Art,ChIJp11hTTd1glQRSSkSRL9dS1w
230,Kube Gallery,Kube Gallery,ChIJtVjU3k3hhVQRZnBN-P3mSqI
231,Kw Atrium Studio,Kw Atrium Studio,ChIJL5hTiXlxhlQR1vaApu3pflw
232,Kyle Mckillop,Kyle Mckillop,ChIJd2qwi8eHblMRdjGJe4GkZA8
233,Labyrinth Gallery,Labyrinth Gallery,ChIJ4TGFyaJqkFQRD8t78mJUEGE
234,Lac La Hache,Lac La Hache,ChIJqyilIXBhgFMR-1d9lDZ9fz8
235,Langley Centennial Museum,Langley Centennial Museum,ChIJaajwdPbShVQRik-zbZqyktE
236,Lanta Meng,Lanta Meng,ChIJayway_d3hlQRgcg1WuSmO3k
237,Lattimer Gallery,Lattimer Gallery,ChIJYX-6P8lzhlQRzOxgwTC5Eho
238,Laura C. Muir Performing Arts Theatre,Laura C. Muir Performing Arts Theatre,ChIJ_1sgl3HYhVQRhOjmf7KaOBs
239,Legacy Heritage Consultants,Legacy Heritage Consultants,ChIJubjX_u9YwokR-VXaRUV-HOI
240,Library,Library,ChIJvzLVnn3tfVMRqh1Wz9uzJK4
241,Library,Library,ChIJvzLVnn3tfVMRqh1Wz9uzJK4
242,Library Link,Library Link,ChIJvzLVnn3tfVMRqh1Wz9uzJK4
243,Lillooet Public Library,Lillooet Public Library,ChIJIbpoxTeKgFQRNYWm44xZpQY
244,Lipsett Glazing Systems Inc,Lipsett Glazing Systems Inc,ChIJOzCGX-h3hlQRxHmWfw3JcY0
245,Lisa Bunting,Lisa Bunting,ChIJd00enZ27uokR1vEFILIBn7o
246,Little Mountain Gallery,Little Mountain Gallery,ChIJb13tafdzhlQR2arL0KyjZZI
247,Lobby Gallery,Lobby Gallery,ChIJt5tlDAH1fVMRaF2ok5EoX3k
248,Lorrie Wager,can not find,0
249,Lynn Canyon Ecology Centre,Lynn Canyon Ecology Centre,ChIJ9_uZd5x6hlQRmKO8qgiyZ3s
250,Lynn Valley Heritage Museum And Archives,Lynn Valley Heritage Museum And Archives,ChIJWTqqraB6hlQRAX6xAuOtI8Q
251,Main Branch,Main Branch,ChIJjZb74Kj0fVMRFqsry92g9XA
252,Make Gallery,Make Gallery,ChIJ9f3ZsFjzfVMRFCXPWEcBhJA
253,Malaspina Printmakers Gallery,Malaspina Printmakers Gallery,ChIJRxH4is5zhlQRo4VTD-Bg3CE
254,Malkin Bowl,Malkin Bowl,ChIJY2kX8IxxhlQRMtQP6o-w-sY
255,Maple Ridge And Pitt Meadows Arts Council,Maple Ridge And Pitt Meadows Arts Council,ChIJj9FSWV7ThVQRHWXsr0btQ4I
256,Maple Ridge Museum,Maple Ridge Museum,ChIJF_K5z2fThVQRWdiwdo-HF8E
257,Margo Prentice Stand-Up Comic,can not find,0
258,"Margo Prentice, Golden Age Theatre, Artistic Director",can not find,0
259,Marilyn Norry,can not find,0
260,Marion Scott Gallery,Marion Scott Gallery,ChIJLYQCM3hxhlQR-qSOuoni8Bs
261,Marpole,Marpole,ChIJjTdY9e10hlQRcJvGNd1RUx8
262,Marya Mclellan,can not find,0
263,Massey Theatre,Massey Theatre,ChIJEXcdR27YhVQRDW-AvTKmIIA
264,Massey Theatre Society,Massey Theatre Society,ChIJEXcdR27YhVQRDW-AvTKmIIA
265,Mcgill Library,Mcgill Library,ChIJvzLVnn3tfVMRqh1Wz9uzJK4
266,Mcleese Lake,Mcleese Lake,ChIJqWEAyvRMh1MRG6rDrIVf6CI
267,Metro Theatre,Metro Theatre,ChIJPW1thul0hlQRf5GRVd2Ogo4
268,Midway Public Library,Midway Public Library,ChIJlQ6VmLJUnVQRliCspddZbvc
269,Monte Clark Gallery,Monte Clark Gallery,ChIJN0Znx8dzhlQRgJHRIKMC2rA
270,Morris And Helen Belkin Art Gallery,Morris And Helen Belkin Art Gallery,ChIJVY5dUbFyhlQR1d6WsHMdgs0
271,Mount Pleasant,Mount Pleasant,ChIJI6554F5xhlQRBuVvIo-0v8A
272,Muriel Arnason Library (Willowbrook),Muriel Arnason Library (Willowbrook),ChIJAej8GNHRhVQRpRhFg2hEua8
273,Murrayville Library,Murrayville Library,ChIJDaHO8VDOhVQRG53n6s8kD_U
274,Museum,Museum,ChIJNemrRZXyfVMRC5PKpXN6YqM
275,Museum Annex,Museum Annex,ChIJ19wKwunghVQRHJTzfCZ8s_4
276,Museum of Anthropology,Museum of Anthropology,ChIJrf8w27NyhlQR44St4PQccfY
277,Museum of Original Costume The,Museum of Original Costume The,ChIJvacc-9l1j1QRt72V6STWesA
278,Museum of Surrey,Museum of Surrey,ChIJAaLgLAjQhVQRBAq1YXF0erg
279,Museum of Vancouver,Museum of Vancouver,ChIJHZSzNzNyhlQRzmus61cqE5Y
280,Music Box Music And Theatre Academy,Music Box Music And Theatre Academy,ChIJo7E9C3LYhVQRxjNZ3FFDpy0
281,Naramata Branch,Naramata Branch,ChIJ6QUMc0l7glQRdSqO7Qhxyd4
282,National Nikkei Museum - Heritage Centre,National Nikkei Museum - Heritage Centre,ChIJLyeICDV2hlQRLTTkKjyW6co
283,New West Artists Society,New West Artists Society,ChIJm9gL3eF3hlQRYLounZbUyJE
284,New West Heritage Hall,New West Heritage Hall,ChIJkeF8B9d3hlQRzcuQoJnmfWE
285,New Westminster Historical Society,New Westminster Historical Society,ChIJ5zj2mXPYhVQRE0rdictytQI
286,New Westminster Hyack Festival Association,New Westminster Hyack Festival Association,ChIJ3_dUV27YhVQRDRDCJhd-K0M
287,New Westminster Museum & Archives,New Westminster Museum & Archives,ChIJVWdV0gzYhVQRObpum5rNjd0
288,New Westminster Public Library,New Westminster Public Library,ChIJg5gsWpHYhVQRPucjR13zSvw
289,New Westminster Public Library And Archives,New Westminster Public Library And Archives,ChIJjUW1sNh3hlQRpPVardz4bQY
290,Newton Cultural Centre,Newton Cultural Centre,ChIJg3tcYy3ahVQRM481SSfsI28
291,Norman Rothstein Theatre,Norman Rothstein Theatre,ChIJta5c93h0hlQRQdc4TV2xxbY
292,North Vancouver Museum & Archives,North Vancouver Museum & Archives,ChIJBQq4UFdxhlQR4j6AUCgfCos
293,Oblates of Mary Immaculate St. Paul's Province -Oblate Archives,can not find,0
294,Old Auditorium,Old Auditorium,ChIJAx4t60-LfVMRp4yWagIjK0Y
295,On Main Gallery,On Main Gallery,ChIJBRtRSKf0fVMRUu4qsHOn4vs
296,Or Gallery,Or Gallery,ChIJzyCIRnlxhlQRtRcithH2IOg
297,Orpheum Annex,Orpheum Annex,ChIJxy_lS35xhlQRR-M1-FHRlQg
298,Orpheum Theatre,Orpheum Theatre,ChIJXYebzX9xhlQRnChzu0W7GW8
299,Outreach Services,Outreach Services,ChIJHVQQjriMfVMRxOWEs23Ng5I
300,Pacific Cinémathèque,Pacific Cinémathèque,ChIJnSJO_9RzhlQR02WmJ7AlO3s
301,Pacific Museum of Earth,Pacific Museum of Earth,ChIJh7j5aspyhlQRTnlQmtvJeyU
302,Pacific Theatre,Pacific Theatre,ChIJbdUaVr9zhlQRMJAh2Gg_XYc
303,Pal Studio Theatre,Pal Studio Theatre,ChIJCf2eJYZxhlQROagIdiJjAAY
304,Pender Island Public Library,Pender Island Public Library,ChIJG9U4sw5gj1QR-pHilykQ5F4
305,Pendulum Gallery,Pendulum Gallery,ChIJLVda3oFxhlQRWwwnvqGhehc
306,Penticton Public Library,Penticton Public Library,ChIJSb_w2XdiglQRghUAJBxPcN4
307,Performance Works,Performance Works,ChIJ8dXFmM9zhlQRK7b4fowQYx8
308,Peri-Laine Nilan,can not find,0
309,Peter Kiss Gallery,Peter Kiss Gallery,ChIJu9_w_85zhlQRBcwAfSaVI-A
310,Peter Lojewski,Peter Lojewski,ChIJ0ZcLIszJD4gRZ4U8ikud9BE
311,Petley Jones Gallery,Petley Jones Gallery,ChIJmyfU08dzhlQRbxSU7vzHfuA
312,Pitt Meadows Museum,Pitt Meadows Museum,ChIJOW55mUfUhVQRk1ozsqR9Itg
313,Pitt Meadows Public Library,Pitt Meadows Public Library,ChIJh6hFJT_UhVQRtO4PSLqlEB4
314,Plaskett Gallery,Plaskett Gallery,ChIJEXcdR27YhVQRDW-AvTKmIIA
315,Points West Heritage Consulting Ltd,Points West Heritage Consulting Ltd,ChIJC23OevLIhVQROq0kFYtI8kI
316,Port Coquitlam Heritage & Cultural Society,Port Coquitlam Heritage & Cultural Society,ChIJszrLp6x4hlQRI3_Tsq2hXL0
317,Port Mcneill Branch,Port Mcneill Branch,ChIJGZYkp8V5Y1QRH9CMrciAQNk
318,Port Moody Public Library,Port Moody Public Library,ChIJpwSuwdl4hlQRlXttOlON5kU
319,Port Moody Station Museum,Port Moody Station Museum,ChIJFU19_h15hlQRD--S5voqh_g
320,Port Renfrew Branch,Port Renfrew Branch,ChIJ941Ef5rXjlQRUTCJyTML-Wo
321,Presentation House Gallery,Presentation House Gallery,ChIJMTeMw0twhlQR2kIwfJvNlQg
322,Princeton Branch,Princeton Branch,ChIJQ-9w6MXgw4kRuve87rfsHlA
323,Qualicum Beach Branch,Qualicum Beach Branch,ChIJjXixvNSOiFQRzhy3EIcJHnY
324,Queen Elizabeth Park,Queen Elizabeth Park,ChIJIcZrTvVzhlQRiKTnD03vt7Q
325,Queen Elizabeth Theatre,Queen Elizabeth Theatre,ChIJ5_VBAXxxhlQRWnjI61A3nX8
326,Radium Hot Springs Public Library,Radium Hot Springs Public Library,ChIJgfS3qyRvelMRY8gMndiSnfU
327,Razzberry Art And Design,Razzberry Art And Design,ChIJYzRz2TMLhlQR31hA_SBxFtI
328,Remington Gallery And Studio,can not find,0
329,Rennie Collection At Wing Sang,Rennie Collection At Wing Sang,ChIJ8_lYN3pxhlQRFduDugWkFWs
330,Revelstoke Branch,Revelstoke Branch,ChIJTUEixAU3eVMRz-iz1YdznNY
331,Richard R. Carswell,can not find,0
332,Richmond Art Gallery,Richmond Art Gallery,ChIJfaA57MkKhlQR6hw-K_C9D3w
333,Richmond Museum,Richmond Museum,ChIJP4INEgALhlQRnDq2nTIOTL0
334,Richmond Nature Park,Richmond Nature Park,ChIJBU91Ump1hlQRNhss6L2V8s4
335,Rickshaw Theatre,Rickshaw Theatre,ChIJD3NnrXFxhlQRWqziQZQhHHw
336,Rio Theatre,Rio Theatre,ChIJifVE3k5xhlQRUcBOhcGR4Rs
337,Rob Fee,Rob Fee,ChIJ2-EL2g7YhVQR_0vxs9MXGX0
338,Roedde House,Roedde House,ChIJj1udwilyhlQR1FRRZudhLlE
339,Rossland Public Library Association,Rossland Public Library Association,ChIJ4VptHpLaYlMRhet1ZNKBh4k
340,Roy Barnett Recital Hall,Roy Barnett Recital Hall,ChIJkfM3ALRyhlQRDxcQU-OZBiA
341,Royal City Musical Theatre Company,Royal City Musical Theatre Company,ChIJVY646th3hlQRMTHFV3uGpEo
342,Royal City Youth Ballet,Royal City Youth Ballet,ChIJh7oB-XHYhVQRuj_VgInotqc
343,Royal Principal Ballet Academy Ltd,Royal Principal Ballet Academy Ltd,ChIJo6E3LC7ZhVQROUcwXbSxaYk
344,Salmo Public Library,Salmo Public Library,ChIJUWVpBDo6Y1MRbG_HWE-dC9I
345,Salmon Arm Branch,Salmon Arm Branch,ChIJU-3_2wr1flMRFDiykUb2nv8
346,Samson V Maritime Museum,Samson V Maritime Museum,ChIJQb557W_YhVQRZ3MARIzx_Go
347,Samson V Museum,Samson V Museum,ChIJQb557W_YhVQRZ3MARIzx_Go
348,Sardis Library,Sardis Library,ChIJ561AYjBHhFQRBrcyhgvYoNo
349,Satellite Gallery,Satellite Gallery,ChIJK5sv1TtxhlQRXA1O3Eqwvio
350,Sayward Branch,Sayward Branch,ChIJAeheBMPYYlQRQmw9oT-iG84
351,Science World At Telus World of Science,Science World At Telus World of Science,ChIJnZHwi2NxhlQRN3CYHzc3giE
352,Scotiabank Dance Centre - Faris Family Studio,Scotiabank Dance Centre - Faris Family Studio,ChIJ1W0OFNRzhlQRkh6fdGecGxA
353,Seaforth Highlanders of Canada Regimental Museum And Archives,Seaforth Highlanders of Canada Regimental Museum And Archives,ChIJudf489JzhlQRXxtOxpMkQlc
354,Semiahmoo Library,Semiahmoo Library,ChIJy66MpmLDhVQRkL_-GdQoyJU
355,Seymour Art Gallery,Seymour Art Gallery,ChIJp52CC1J6hlQRaXrBznBC2ec
356,Shadows & Dreams Theatre Company,Shadows & Dreams Theatre Company,ChIJbzsp7pkys1IRvrbdSI-GoM4
357,Silk Purse Arts Centre,Silk Purse Arts Centre,ChIJFVgIZBpuhlQRyYpiMVZbf2U
358,Silvana Mcnulty Garden Gals,Silvana Mcnulty Garden Gals,ChIJm9gL3eF3hlQRYLounZbUyJE
359,Simon Fraser Gallery,Simon Fraser Gallery,ChIJ3zZTl795hlQRe7RycIqHO4Q
360,Simon Fraser University Museum of Archaeology & Ethnology,Simon Fraser University Museum of Archaeology & Ethnology,ChIJ-_RV_sZ5hlQRzZg0ulZmBa8
361,Skwachàys Lodge Gallery,Skwachàys Lodge Gallery,ChIJddQ0P3pxhlQRM9EcgtNdi7Y
362,Société Historique Francophone De La Colombie-Britannique,Société Historique Francophone De La Colombie-Britannique,ChIJVVUV38dzhlQRXWYWGXQkSw8
363,Sointula Branch,Sointula Branch,ChIJ78W7sUR6Y1QRpvJWm2tUSDQ
364,South Hill,South Hill,ChIJyaQHcXONfVMRbs9WSJ5JY9Q
365,Spencer Goring,Spencer Goring,ChIJ46SFnnlxhlQRqBXj77T3L6k
366,Spirit Wrestler Gallery,Spirit Wrestler Gallery,ChIJ6zQZQ3dxhlQR4TngdGMejyA
367,St James Community Square,St James Community Square,ChIJ8-LY5KpzhlQRjb7KYI2etJk
368,St. Roch National Historic Site C/O Vancouver Maritime Museum,St. Roch National Historic Site C/O Vancouver Maritime Museum,ChIJ1Z9UgDRyhlQRDa5EUSNJuA8
369,Stagecoach Theatre Arts School,Stagecoach Theatre Arts School,ChIJ8TroA7XZfVMRjqYk_6a6JxY
370,Stanley Park Nature House,Stanley Park Nature House,ChIJcxJ3jIlxhlQRi5oOMHxmFPY
371,Steveston Museum And Visitor Centre,Steveston Museum And Visitor Centre,ChIJO0tJXtjhhVQRS8jDU5Pv2U8
372,Strathcona Branch,Strathcona Branch,ChIJe50bmW1xhlQRGZBG6AnoEZs
373,Studio Theatre At Surrey Arts Centre,Studio Theatre At Surrey Arts Centre,ChIJ7Rrhz5TZhVQRBD5h5gs5pv8
374,Sum Gallery,Sum Gallery,ChIJAQDA329xhlQRi5gRcGyzj64
375,Surrey Art Gallery,Surrey Art Gallery,ChIJ7Rrhz5TZhVQRBD5h5gs5pv8
376,Surrey Little Theatre,Surrey Little Theatre,ChIJAYBGyUTQhVQRDat4r2ts-io
377,Surrey Museum & Archives,Surrey Museum & Archives,ChIJESujdqfahVQRYe0bXMJugsk
378,Susan Mccallum,Susan Mccallum,ChIJEfCRon3tfVMRpPGNBbl5qHw
379,Synthesis Consulting Ltd,Synthesis Consulting Ltd,ChIJdZvRo5SMfVMRw_Npr0MYKwo
380,Taylor Public Library,Taylor Public Library,ChIJvzLVnn3tfVMRqh1Wz9uzJK4
381,Teck Gallery,Teck Gallery,ChIJF7DmYHhxhlQRBma1LSJ1750
382,Terry Erickson,Terry Erickson,ChIJVz4Od8cM9ocRBOG3cewMXoM
383,The Act Arts Centre & Theatre,The Act Arts Centre & Theatre,ChIJi_sBjF7ThVQRB7_aVA4h1KM
384,The Apartment,The Apartment,ChIJu_qqUJvyfVMR1dKE2_4Onok
385,The Art of Law Gallery,The Art of Law Gallery,ChIJE5tAZILyfVMRAoR4BifSnA4
386,The Bernie Legge Theatre,The Bernie Legge Theatre,ChIJN06WngnYhVQRuDrjNx8E920
387,The Fort Gallery,The Fort Gallery,ChIJZUjyL1nShVQRjYk17_A5OzA
388,The Ironworks Studio,The Ironworks Studio,ChIJP1KRT3FxhlQR1xDp8iXxwW4
389,The Michael J Fox Theatre Society,The Michael J Fox Theatre Society,ChIJ9baKDEd2hlQRUEl20T9jMaw
390,The Mojo Stars,can not find,0
391,The Polygon Gallery,The Polygon Gallery,ChIJB5VO1kxwhlQRK20LBQy-CCo
392,The Royal Westminster Regiment Museum,The Royal Westminster Regiment Museum,ChIJ5zj2mXPYhVQRE0rdictytQI
393,Tom Lee Music Recital Hall,Tom Lee Music Recital Hall,ChIJf0VOf9VzhlQRguK2M4FaDqQ
394,Tommy Douglas Branch,Tommy Douglas Branch,ChIJqcsB8ct3hlQRqXJN1Gi9cow
395,Tommy Douglas Library,Tommy Douglas Library,ChIJqcsB8ct3hlQRqXJN1Gi9cow
396,Tracey Lawrence Gallery,Tracey Lawrence Gallery,ChIJlReH5chzhlQR4wx1XS5Nak4
397,Trench Gallery,Trench Gallery,ChIJWb41Qe-VwoAREYt8yMIFkWo
398,Trillium North Park,Trillium North Park,ChIJqe3omWVxhlQRnQQZik9OmLk
399,Tumbler Ridge Public Library,Tumbler Ridge Public Library,ChIJ41T_cHctjlMRFs6kCypx3cc
400,Twilight Drive-In Theatre Ltd,Twilight Drive-In Theatre Ltd,ChIJPc3f7frLhVQR_B7AYacPZCA
401,UBC Botanical Garden,UBC Botanical Garden,ChIJzfI36jINhlQRT_HCqL0fFeM
402,UBC Museum of Anthropology,UBC Museum of Anthropology,ChIJrf8w27NyhlQR44St4PQccfY
403,Underwater Archaeological Society of British Columbia,Underwater Archaeological Society of British Columbia,ChIJEfCRon3tfVMRpPGNBbl5qHw
404,Unit/Pitt Projects,can not find,0
405,United Church of Canada B.C. Conference Archives,United Church of Canada B.C. Conference Archives,ChIJ-YiVK2l2hlQRNwHiKTC6tr8
406,University of Bc: Charles Woodward Memorial Room,University of Bc: Charles Woodward Memorial Room,ChIJ_1xQ1bdyhlQR8_ytCOZZlBI
407,University of British Columbia: Rare Books And Special Collections,University of British Columbia: Rare Books And Special Collections,ChIJyRgNg7ZyhlQRozfznVr93Xc
408,Uno Langmann Limited Fine Arts,Uno Langmann Limited Fine Arts,ChIJIzcthMhzhlQRrRPzhF5ss9w
409,Vagabond Theatre/Fisheries Exibition Building,Vagabond Theatre/Fisheries Exibition Building,ChIJFRh4yIEDyIkR79-VLPCCnLc
410,Valerie Mcrae,can not find,0
411,Van Dop Gallery,Van Dop Gallery,ChIJ17y82fd3hlQRJNucsf4PppI
412,Van Dusen Botanical Garden,Van Dusen Botanical Garden,ChIJwW3HeIZzhlQRVxJgWI8VjAg
413,Vancity Theatre,Vancity Theatre,ChIJ9cRQO9RzhlQRcDd_iut2UH4
414,Vancouver Access Artist Run Centre,Vancouver Access Artist Run Centre,ChIJI_kXTHdxhlQRjSihNhSkWjw
415,Vancouver Art Gallery,Vancouver Art Gallery,ChIJwXz9f39xhlQRT3qxXAPDlbU
416,Vancouver Art Gallery Offsite,Vancouver Art Gallery Offsite,ChIJC2a6pYFxhlQRUE-r4PRUkc8
417,Vancouver Biennale,Vancouver Biennale,ChIJ84iLI99zhlQRW_ZlNTWP8fA
418,Vancouver Contemporary Art Gallery,Vancouver Contemporary Art Gallery,ChIJpWYR79VzhlQRYo-cR-_0ktg
419,Vancouver East Cultural Centre - Vancity Culture Lab,Vancouver East Cultural Centre - Vancity Culture Lab,ChIJwXipwj1xhlQRdYmrhuSfVQc
420,Vancouver Holocaust Education Centre,Vancouver Holocaust Education Centre,ChIJexoR8Xh0hlQRcCjlkQHejk4
421,Vancouver Island University Museum of Natural History,Vancouver Island University Museum of Natural History,ChIJ_ZP-GPGjiFQRySEXJkDF6WM
422,Vancouver Maritime Museum,Vancouver Maritime Museum,ChIJiVHFdzNyhlQRjW3eJ2KKZM0
423,Vancouver Naval Museum,Vancouver Naval Museum,ChIJUcAHihBuhlQRNvdDAY0mXKo
424,Vancouver Playhouse Theatre,Vancouver Playhouse Theatre,ChIJrefVTXlxhlQRC_DwJyfCiUk
425,Vancouver Police Museum,Vancouver Police Museum,ChIJo3B9CHFxhlQRCmfgCcpG0BQ
426,Vancouver Public Library,Vancouver Public Library,ChIJsVpklzuNfVMRyJykScwbw34
427,Vancouver Symphony Orchestra School of Music - Recital Hall (Pyatt Hall),Vancouver Symphony Orchestra School of Music - Recital Hall (Pyatt Hall),ChIJU78AMH5xhlQRJsUwPms458E
428,Vivo Media Arts Centre,Vivo Media Arts Centre,ChIJqV1Le2BxhlQR7B0Y7--RnxY
429,Vogue Theatre,Vogue Theatre,ChIJGRkFKn5xhlQRT4PdHofkZ5E
430,Waterfront Theatre,Waterfront Theatre,ChIJa-uj485zhlQRBK6mZbG5I28
431,West Vancouver Museum,West Vancouver Museum,ChIJnfYm3BBuhlQRPLNVGwgMURo
432,West Vancouver Museum And Archives,West Vancouver Museum And Archives,ChIJnfYm3BBuhlQRPLNVGwgMURo
433,Western Front - Gallery,Western Front - Gallery,ChIJMUTHbl9xhlQRrpkumTy2QaU
434,Western Front - Luxe Hall,Western Front - Luxe Hall,ChIJMUTHbl9xhlQRrpkumTy2QaU
435,Whistler Public Library,Whistler Public Library,ChIJTYeGC7M8h1QRhJn8ImdcWJI
436,White Rock Museum And Archives,White Rock Museum And Archives,ChIJp-cXznfDhVQR2sZybkviHTE
437,Wil Aballe Art Projects,Wil Aballe Art Projects,ChIJg6ZZBYd-C0ERtvyitXbaJOw
438,Willowbrook Art Gallery,Willowbrook Art Gallery,ChIJkezPMSnQhVQRhYiDFiyB9UU
439,Winsor Gallery,Winsor Gallery,ChIJbSWU4b5zhlQRTUhxUCZCuvM
440,Wise Club Hall,Wise Club Hall,ChIJozmE7T1xhlQRt-UlKOC-wz4
441,Woodward's Atrium,Woodward's Atrium,ChIJo8K5knlxhlQRBkyzjcK92Bg
442,Woss Branch,Woss Branch,ChIJlb5JzHEAY1QRgjcJ_n2Bbrk
443,Yarrow Library,Yarrow Library,ChIJa5aUHc9HhFQRkikK61az_Lk
444,York Theatre,York Theatre,ChIJQY5X1xVxhlQRXcRkTyGbCbs
445,Yuk Yuk's Comedy Club,Yuk Yuk's Comedy Club,ChIJuycZ1-dzhlQRSZsBQvvwklo
446,Zemi Cultural Heritage Services,can not find,0
